frequency,drift_sign,grouping_scheme,group_value,horizon,count,mean_current_mu_hat,se_current_mu_hat,mean_current_sigma_hat,se_current_sigma_hat,mean_future_mu_hat,se_future_mu_hat,mean_future_sigma_hat,se_future_sigma_hat,mean_expected_cum_bps,se_expected_cum_bps,mean_realized_cum_bps,se_realized_cum_bps,mean_realized_max_up_bps,se_realized_max_up_bps,mean_realized_max_down_bps,se_realized_max_down_bps,mean_realized_max_abs_bps,se_realized_max_abs_bps
daily,detectable_downward_drift,both_above_below_high,not_both_high,1,164,-0.003909937676511312,0.00024034052499266563,0.023805946083477084,0.000755749974048825,-1.2383077409233791e-05,0.002343346671976779,0.016634892209430076,0.0011242741110060127,-38.97618399325732,2.391019937194309,7.135738385361771,17.539324060846706,90.79079015612787,10.556563679773728,-83.6550517707661,10.148661956449375,174.44584192689393,11.0111245543498
daily,detectable_downward_drift,both_above_below_high,not_both_high,2,164,-0.003909937676511312,0.00024034052499266563,0.023805946083477084,0.000755749974048825,0.008528801235366748,0.008572347697811171,0.030417803543476573,0.010882946429252294,-77.70726698030403,4.757458462711135,10.662064103762168,28.88971476794986,165.76612707318637,16.87700783591828,-159.98231474283435,17.261487975325235,313.483177160366,17.24801193510716
daily,detectable_downward_drift,both_above_below_high,not_both_high,3,164,-0.003909937676511312,0.00024034052499266563,0.023805946083477084,0.000755749974048825,0.005883915079557206,0.0055622267550318565,0.030202792891657552,0.009189972157622328,-116.19516266535092,7.099596553923549,883.625291730827,866.1707257560677,1091.4139821418628,864.4091181877891,-217.19126591403494,21.456133945681188,1277.9591650980028,863.252839559457
daily,detectable_downward_drift,both_above_below_high,not_both_high,4,164,-0.003909937676511312,0.00024034052499266563,0.023805946083477084,0.000755749974048825,0.004350606635661005,0.004112371133529165,0.029654409021959784,0.008074139593827814,-154.44176742675515,9.417711443324517,828.995943997198,799.8811981273403,1144.3279308609922,864.1734456916721,-256.47754512416765,23.817768325747377,1356.169990734122,862.8221039039719
daily,detectable_downward_drift,both_above_below_high,not_both_high,5,164,-0.003909937676511312,0.00024034052499266563,0.023805946083477084,0.000755749974048825,0.002752463754520067,0.0032939533552940577,0.030081021377364233,0.007293895218936188,-192.44896049472544,11.712076675477768,787.0128284411445,751.3699772746166,1189.6647555934069,863.9722264391905,-297.16875630600515,26.389278302723028,1423.198747340966,862.4694301839103
daily,detectable_downward_drift,both_above_below_high,not_both_high,6,164,-0.003909937676511312,0.00024034052499266563,0.023805946083477084,0.000755749974048825,0.0020862004426671207,0.0027927765703621497,0.030026845533909125,0.006698977056306417,-230.21860412699482,13.982962163028203,737.5418224124928,733.7353726915084,1226.42582355235,863.8056964642433,-350.8790468858281,31.311478938658222,1492.5940030780123,862.1644053191523
daily,detectable_downward_drift,both_above_below_high,not_both_high,7,164,-0.003909937676511312,0.00024034052499266563,0.023805946083477084,0.000755749974048825,0.002005829026619377,0.002396485772199435,0.02939725858612129,0.006222888050739336,-267.7525437824861,16.230634241787783,750.8121628728135,751.8122895384246,1265.5235620423489,863.6538651953261,-394.73104750561805,35.986139942152306,1563.9087186888069,861.8659427182351
daily,detectable_downward_drift,both_above_below_high,not_both_high,8,164,-0.003909937676511312,0.00024034052499266563,0.023805946083477084,0.000755749974048825,0.0020242872067946444,0.002107728665960703,0.0289882997814086,0.005828836566097851,-305.0526082929958,18.455355724912536,734.0842911508768,722.0867934288635,1302.552573836869,863.5064807019999,-427.0992055123535,38.35959905171392,1617.300290936451,861.6231651786718
daily,detectable_downward_drift,both_above_below_high,not_both_high,9,164,-0.003909937676511312,0.00024034052499266563,0.023805946083477084,0.000755749974048825,0.0036440936196895733,0.002620013856665635,0.034597194460471804,0.00769954709899239,-342.12061003292,20.657385956186115,765.9302334006786,731.0778033315896,1333.4012133540477,863.4244249345677,-448.550054267535,40.21175409031394,1665.7386600623122,861.4098844536995
daily,detectable_downward_drift,both_above_below_high,not_both_high,10,164,-0.003909937676511312,0.00024034052499266563,0.023805946083477084,0.000755749974048825,0.005056615761320511,0.0028094797346773955,0.039242352491366386,0.008900583768077105,-378.9583450870488,22.836980862425047,1559.173500605264,1056.611706671213,2156.5529681147236,1157.5614571688768,-486.06314510933095,42.490159851140454,2505.7766717824684,1154.5107677536148
daily,detectable_downward_drift,exclusive_location,above_mid_only,1,1,-0.0030001406159809413,,0.038190405140253555,,-0.04709553159022573,,0.026993554779756332,,-29.95644691382305,,88.42596017877736,,88.42596017877736,,0.0,,88.42596017877736,
daily,detectable_downward_drift,exclusive_location,above_mid_only,2,1,-0.0030001406159809413,,0.038190405140253555,,-0.015660114060811026,,0.02638139852122421,,-59.82315495647603,,-154.41983747560784,,88.42596017877736,,-154.41983747560784,,154.41983747560784,
daily,detectable_downward_drift,exclusive_location,above_mid_only,3,1,-0.0030001406159809413,,0.038190405140253555,,-0.018953612579454493,,0.02447788327440167,,-89.60039295373197,,-170.44150802477787,,88.42596017877736,,-170.44150802477787,,170.44150802477787,
daily,detectable_downward_drift,exclusive_location,above_mid_only,4,1,-0.0030001406159809413,,0.038190405140253555,,-0.025151129338355727,,0.022571130422594843,,-119.2884289260574,,-389.80853884727827,,88.42596017877736,,-389.80853884727827,,389.80853884727827,
daily,detectable_downward_drift,exclusive_location,above_mid_only,5,1,-0.0030001406159809413,,0.038190405140253555,,-0.0225754995976871,,0.0222607835427907,,-148.88753009102481,,-777.5709074165593,,88.42596017877736,,-777.5709074165593,,777.5709074165593,
daily,detectable_downward_drift,exclusive_location,above_mid_only,6,1,-0.0030001406159809413,,0.038190405140253555,,-0.024292083795584674,,0.023277427501243057,,-178.3979628657176,,-819.9824258401267,,88.42596017877736,,-819.9824258401267,,819.9824258401267,
daily,detectable_downward_drift,exclusive_location,above_mid_only,7,1,-0.0030001406159809413,,0.038190405140253555,,-0.019491421084357596,,0.02342222768840436,,-207.8199928691286,,-1149.7959360681764,,88.42596017877736,,-1149.7959360681764,,1149.7959360681764,
daily,detectable_downward_drift,exclusive_location,above_mid_only,8,1,-0.0030001406159809413,,0.038190405140253555,,-0.007616369519101163,,0.03330120411372514,,-237.1538849245501,,-944.1538457542086,,88.42596017877736,,-1149.7959360681764,,1149.7959360681764,
daily,detectable_downward_drift,exclusive_location,above_mid_only,9,1,-0.0030001406159809413,,0.038190405140253555,,-0.007543172064956731,,0.03203000920777935,,-266.3999030619583,,-401.8269019534004,,88.42596017877736,,-1149.7959360681764,,1149.7959360681764,
daily,detectable_downward_drift,exclusive_location,above_mid_only,10,1,-0.0030001406159809413,,0.038190405140253555,,-0.003812120530582952,,0.031313893071090566,,-295.558310520389,,-352.896990611562,,88.42596017877736,,-1149.7959360681764,,1149.7959360681764,
daily,detectable_downward_drift,exclusive_location,none,1,163,-0.00391551925356978,0.00024175433771194468,0.023717697868404837,0.000755198956832983,0.00027647059444853577,0.0023397864439539183,0.01657134213231151,0.001129384189674801,-39.0315198035606,2.4050896947649205,6.6370253682242515,17.640124105380238,90.80529831549812,10.621517730910197,-84.16827294727386,10.198050751462555,174.97357126277197,11.066154599574071
daily,detectable_downward_drift,exclusive_location,none,2,163,-0.00391551925356978,0.00024175433771194468,0.023717697868404837,0.000755198956832983,0.008677199488717532,0.008623808621862149,0.030442566764471983,0.010949890692683251,-77.81698545897783,4.785462264844707,11.674836506089594,29.049632440171855,166.24060662468582,16.974155204421223,-160.01644037024062,17.367679578847863,314.45902587008845,17.3263568833426
daily,detectable_downward_drift,exclusive_location,none,3,163,-0.00391551925356978,0.00024175433771194468,0.023717697868404837,0.000755198956832983,0.0060362925498578905,0.005594355733200252,0.030237915036548692,0.009246458838227965,-116.35832076174123,7.141400210642173,890.0919592139901,871.4767691046352,1097.5672828901027,869.7065729148844,-217.47807424464384,21.586244145166482,1284.753751951213,868.5383100995043
daily,detectable_downward_drift,exclusive_location,none,4,163,-0.00391551925356978,0.00024175433771194468,0.023717697868404837,0.000755198956832983,0.00453159888090037,0.004133668935088046,0.029697864718888408,0.008123709414087953,-154.65743208013367,9.473182266196334,836.4732721128083,804.7684253672463,1150.8058570614967,869.4670569887443,-255.65956356758412,23.95020387648714,1362.0985885984585,868.111334715875
daily,detectable_downward_drift,exclusive_location,none,5,163,-0.00391551925356978,0.00024175433771194468,0.023717697868404837,0.000755198956832983,0.0029078500327544663,0.0033105343877564103,0.030128998296594746,0.007338622390453913,-192.71620853401197,11.781083456482452,796.6115016672654,755.9321453169339,1196.4208218229444,869.2624503697335,-294.22150384520415,26.385562926359594,1427.1596543343674,867.7678331756188
daily,detectable_downward_drift,exclusive_location,none,6,163,-0.00391551925356978,0.00024175433771194468,0.023717697868404837,0.000755198956832983,0.002248030407318972,0.002805241537606565,0.030068253006502173,0.006740073157655982,-230.53652217154254,14.065375153765647,747.0971858987051,738.1881050859918,1233.4074178061755,869.0930860089376,-348.0011120456176,31.370810675854795,1496.7204544721099,867.4601467648862
daily,detectable_downward_drift,exclusive_location,none,7,163,-0.00391551925356978,0.00024175433771194468,0.023717697868404837,0.000755198956832983,0.00213771399662537,0.002407579425007689,0.02943391521739562,0.006261074477503277,-268.1202281439177,16.326325133024085,762.4723352589546,756.3478872033651,1272.7450197224935,868.9383308758902,-390.0987475757864,35.90636199247254,1566.4492879073384,867.1660156566937
daily,detectable_downward_drift,exclusive_location,none,8,163,-0.00391551925356978,0.00024175433771194468,0.023717697868404837,0.000755198956832983,0.0020834323400823486,0.0021198643171311256,0.028961840245627524,0.00586464624278516,-305.4691648780783,18.564197626457528,744.380230641092,726.4565881492396,1310.0012033685136,868.7880925540583,-422.66548323900486,38.33698494512585,1620.1684158129433,866.9207086062604
daily,detectable_downward_drift,exclusive_location,none,9,163,-0.00391551925356978,0.00024175433771194468,0.023717697868404837,0.000755198956832983,0.003712727151497219,0.0026352325263191115,0.03461294406324906,0.0077469131672775375,-342.5851542474658,20.77925337709675,773.094387605305,735.5414669037734,1341.0390983428533,868.703865093448,-444.247932293298,40.226995866232166,1668.9039528475523,866.7050670723643
daily,detectable_downward_drift,exclusive_location,none,10,163,-0.00391551925356978,0.00024175433771194468,0.023717697868404837,0.000755198956832983,0.005111025186424214,0.002826238855444305,0.03929099334670551,0.008955223380481046,-379.470001740832,22.97174969152903,1570.9039944164101,1063.0484752750147,2169.240863868932,1164.615014239669,-481.99116479669993,42.55487063007545,2514.0955720015745,1161.5853604479748
daily,detectable_downward_drift,imbalance_side,neutral,1,164,-0.003909937676511312,0.00024034052499266563,0.023805946083477084,0.000755749974048825,-1.2383077409233791e-05,0.002343346671976779,0.016634892209430076,0.0011242741110060127,-38.97618399325732,2.391019937194309,7.135738385361771,17.539324060846706,90.79079015612787,10.556563679773728,-83.6550517707661,10.148661956449375,174.44584192689393,11.0111245543498
daily,detectable_downward_drift,imbalance_side,neutral,2,164,-0.003909937676511312,0.00024034052499266563,0.023805946083477084,0.000755749974048825,0.008528801235366748,0.008572347697811171,0.030417803543476573,0.010882946429252294,-77.70726698030403,4.757458462711135,10.662064103762168,28.88971476794986,165.76612707318637,16.87700783591828,-159.98231474283435,17.261487975325235,313.483177160366,17.24801193510716
daily,detectable_downward_drift,imbalance_side,neutral,3,164,-0.003909937676511312,0.00024034052499266563,0.023805946083477084,0.000755749974048825,0.005883915079557206,0.0055622267550318565,0.030202792891657552,0.009189972157622328,-116.19516266535092,7.099596553923549,883.625291730827,866.1707257560677,1091.4139821418628,864.4091181877891,-217.19126591403494,21.456133945681188,1277.9591650980028,863.252839559457
daily,detectable_downward_drift,imbalance_side,neutral,4,164,-0.003909937676511312,0.00024034052499266563,0.023805946083477084,0.000755749974048825,0.004350606635661005,0.004112371133529165,0.029654409021959784,0.008074139593827814,-154.44176742675515,9.417711443324517,828.995943997198,799.8811981273403,1144.3279308609922,864.1734456916721,-256.47754512416765,23.817768325747377,1356.169990734122,862.8221039039719
daily,detectable_downward_drift,imbalance_side,neutral,5,164,-0.003909937676511312,0.00024034052499266563,0.023805946083477084,0.000755749974048825,0.002752463754520067,0.0032939533552940577,0.030081021377364233,0.007293895218936188,-192.44896049472544,11.712076675477768,787.0128284411445,751.3699772746166,1189.6647555934069,863.9722264391905,-297.16875630600515,26.389278302723028,1423.198747340966,862.4694301839103
daily,detectable_downward_drift,imbalance_side,neutral,6,164,-0.003909937676511312,0.00024034052499266563,0.023805946083477084,0.000755749974048825,0.0020862004426671207,0.0027927765703621497,0.030026845533909125,0.006698977056306417,-230.21860412699482,13.982962163028203,737.5418224124928,733.7353726915084,1226.42582355235,863.8056964642433,-350.8790468858281,31.311478938658222,1492.5940030780123,862.1644053191523
daily,detectable_downward_drift,imbalance_side,neutral,7,164,-0.003909937676511312,0.00024034052499266563,0.023805946083477084,0.000755749974048825,0.002005829026619377,0.002396485772199435,0.02939725858612129,0.006222888050739336,-267.7525437824861,16.230634241787783,750.8121628728135,751.8122895384246,1265.5235620423489,863.6538651953261,-394.73104750561805,35.986139942152306,1563.9087186888069,861.8659427182351
daily,detectable_downward_drift,imbalance_side,neutral,8,164,-0.003909937676511312,0.00024034052499266563,0.023805946083477084,0.000755749974048825,0.0020242872067946444,0.002107728665960703,0.0289882997814086,0.005828836566097851,-305.0526082929958,18.455355724912536,734.0842911508768,722.0867934288635,1302.552573836869,863.5064807019999,-427.0992055123535,38.35959905171392,1617.300290936451,861.6231651786718
daily,detectable_downward_drift,imbalance_side,neutral,9,164,-0.003909937676511312,0.00024034052499266563,0.023805946083477084,0.000755749974048825,0.0036440936196895733,0.002620013856665635,0.034597194460471804,0.00769954709899239,-342.12061003292,20.657385956186115,765.9302334006786,731.0778033315896,1333.4012133540477,863.4244249345677,-448.550054267535,40.21175409031394,1665.7386600623122,861.4098844536995
daily,detectable_downward_drift,imbalance_side,neutral,10,164,-0.003909937676511312,0.00024034052499266563,0.023805946083477084,0.000755749974048825,0.005056615761320511,0.0028094797346773955,0.039242352491366386,0.008900583768077105,-378.9583450870488,22.836980862425047,1559.173500605264,1056.611706671213,2156.5529681147236,1157.5614571688768,-486.06314510933095,42.490159851140454,2505.7766717824684,1154.5107677536148
daily,detectable_downward_drift,volume_level,high_volume,1,1,-0.0030001406159809413,,0.038190405140253555,,-0.04709553159022573,,0.026993554779756332,,-29.95644691382305,,88.42596017877736,,88.42596017877736,,0.0,,88.42596017877736,
daily,detectable_downward_drift,volume_level,high_volume,2,1,-0.0030001406159809413,,0.038190405140253555,,-0.015660114060811026,,0.02638139852122421,,-59.82315495647603,,-154.41983747560784,,88.42596017877736,,-154.41983747560784,,154.41983747560784,
daily,detectable_downward_drift,volume_level,high_volume,3,1,-0.0030001406159809413,,0.038190405140253555,,-0.018953612579454493,,0.02447788327440167,,-89.60039295373197,,-170.44150802477787,,88.42596017877736,,-170.44150802477787,,170.44150802477787,
daily,detectable_downward_drift,volume_level,high_volume,4,1,-0.0030001406159809413,,0.038190405140253555,,-0.025151129338355727,,0.022571130422594843,,-119.2884289260574,,-389.80853884727827,,88.42596017877736,,-389.80853884727827,,389.80853884727827,
daily,detectable_downward_drift,volume_level,high_volume,5,1,-0.0030001406159809413,,0.038190405140253555,,-0.0225754995976871,,0.0222607835427907,,-148.88753009102481,,-777.5709074165593,,88.42596017877736,,-777.5709074165593,,777.5709074165593,
daily,detectable_downward_drift,volume_level,high_volume,6,1,-0.0030001406159809413,,0.038190405140253555,,-0.024292083795584674,,0.023277427501243057,,-178.3979628657176,,-819.9824258401267,,88.42596017877736,,-819.9824258401267,,819.9824258401267,
daily,detectable_downward_drift,volume_level,high_volume,7,1,-0.0030001406159809413,,0.038190405140253555,,-0.019491421084357596,,0.02342222768840436,,-207.8199928691286,,-1149.7959360681764,,88.42596017877736,,-1149.7959360681764,,1149.7959360681764,
daily,detectable_downward_drift,volume_level,high_volume,8,1,-0.0030001406159809413,,0.038190405140253555,,-0.007616369519101163,,0.03330120411372514,,-237.1538849245501,,-944.1538457542086,,88.42596017877736,,-1149.7959360681764,,1149.7959360681764,
daily,detectable_downward_drift,volume_level,high_volume,9,1,-0.0030001406159809413,,0.038190405140253555,,-0.007543172064956731,,0.03203000920777935,,-266.3999030619583,,-401.8269019534004,,88.42596017877736,,-1149.7959360681764,,1149.7959360681764,
daily,detectable_downward_drift,volume_level,high_volume,10,1,-0.0030001406159809413,,0.038190405140253555,,-0.003812120530582952,,0.031313893071090566,,-295.558310520389,,-352.896990611562,,88.42596017877736,,-1149.7959360681764,,1149.7959360681764,
daily,detectable_downward_drift,volume_level,low_volume,1,163,-0.00391551925356978,0.00024175433771194468,0.023717697868404837,0.000755198956832983,0.00027647059444853577,0.0023397864439539183,0.01657134213231151,0.001129384189674801,-39.0315198035606,2.4050896947649205,6.6370253682242515,17.640124105380238,90.80529831549812,10.621517730910197,-84.16827294727386,10.198050751462555,174.97357126277197,11.066154599574071
daily,detectable_downward_drift,volume_level,low_volume,2,163,-0.00391551925356978,0.00024175433771194468,0.023717697868404837,0.000755198956832983,0.008677199488717532,0.008623808621862149,0.030442566764471983,0.010949890692683251,-77.81698545897783,4.785462264844707,11.674836506089594,29.049632440171855,166.24060662468582,16.974155204421223,-160.01644037024062,17.367679578847863,314.45902587008845,17.3263568833426
daily,detectable_downward_drift,volume_level,low_volume,3,163,-0.00391551925356978,0.00024175433771194468,0.023717697868404837,0.000755198956832983,0.0060362925498578905,0.005594355733200252,0.030237915036548692,0.009246458838227965,-116.35832076174123,7.141400210642173,890.0919592139901,871.4767691046352,1097.5672828901027,869.7065729148844,-217.47807424464384,21.586244145166482,1284.753751951213,868.5383100995043
daily,detectable_downward_drift,volume_level,low_volume,4,163,-0.00391551925356978,0.00024175433771194468,0.023717697868404837,0.000755198956832983,0.00453159888090037,0.004133668935088046,0.029697864718888408,0.008123709414087953,-154.65743208013367,9.473182266196334,836.4732721128083,804.7684253672463,1150.8058570614967,869.4670569887443,-255.65956356758412,23.95020387648714,1362.0985885984585,868.111334715875
daily,detectable_downward_drift,volume_level,low_volume,5,163,-0.00391551925356978,0.00024175433771194468,0.023717697868404837,0.000755198956832983,0.0029078500327544663,0.0033105343877564103,0.030128998296594746,0.007338622390453913,-192.71620853401197,11.781083456482452,796.6115016672654,755.9321453169339,1196.4208218229444,869.2624503697335,-294.22150384520415,26.385562926359594,1427.1596543343674,867.7678331756188
daily,detectable_downward_drift,volume_level,low_volume,6,163,-0.00391551925356978,0.00024175433771194468,0.023717697868404837,0.000755198956832983,0.002248030407318972,0.002805241537606565,0.030068253006502173,0.006740073157655982,-230.53652217154254,14.065375153765647,747.0971858987051,738.1881050859918,1233.4074178061755,869.0930860089376,-348.0011120456176,31.370810675854795,1496.7204544721099,867.4601467648862
daily,detectable_downward_drift,volume_level,low_volume,7,163,-0.00391551925356978,0.00024175433771194468,0.023717697868404837,0.000755198956832983,0.00213771399662537,0.002407579425007689,0.02943391521739562,0.006261074477503277,-268.1202281439177,16.326325133024085,762.4723352589546,756.3478872033651,1272.7450197224935,868.9383308758902,-390.0987475757864,35.90636199247254,1566.4492879073384,867.1660156566937
daily,detectable_downward_drift,volume_level,low_volume,8,163,-0.00391551925356978,0.00024175433771194468,0.023717697868404837,0.000755198956832983,0.0020834323400823486,0.0021198643171311256,0.028961840245627524,0.00586464624278516,-305.4691648780783,18.564197626457528,744.380230641092,726.4565881492396,1310.0012033685136,868.7880925540583,-422.66548323900486,38.33698494512585,1620.1684158129433,866.9207086062604
daily,detectable_downward_drift,volume_level,low_volume,9,163,-0.00391551925356978,0.00024175433771194468,0.023717697868404837,0.000755198956832983,0.003712727151497219,0.0026352325263191115,0.03461294406324906,0.0077469131672775375,-342.5851542474658,20.77925337709675,773.094387605305,735.5414669037734,1341.0390983428533,868.703865093448,-444.247932293298,40.226995866232166,1668.9039528475523,866.7050670723643
daily,detectable_downward_drift,volume_level,low_volume,10,163,-0.00391551925356978,0.00024175433771194468,0.023717697868404837,0.000755198956832983,0.005111025186424214,0.002826238855444305,0.03929099334670551,0.008955223380481046,-379.470001740832,22.97174969152903,1570.9039944164101,1063.0484752750147,2169.240863868932,1164.615014239669,-481.99116479669993,42.55487063007545,2514.0955720015745,1161.5853604479748
daily,detectable_upward_drift,both_above_below_high,not_both_high,1,315,0.00817608612469107,0.0011762417773453656,0.03891207615859941,0.005788280211941124,0.0013411495904276597,0.0012669544903399113,0.0125729848637368,0.0007531461143929118,84.36625715546302,12.517589300257743,19.240488723999444,11.97849231087893,79.57262989428044,8.639420117774817,-60.332141170281,6.185987070120391,139.90477106456146,9.073464275811755
daily,detectable_upward_drift,both_above_below_high,not_both_high,2,315,0.00817608612469107,0.0011762417773453656,0.03891207615859941,0.005788280211941124,0.0010634933701386706,0.0009050857528837168,0.015204756572630436,0.0007315758292379897,174.3643481609119,26.67679471849148,37.20669938145016,18.355256226485267,144.24601557959028,13.287482752021056,-109.44217310041614,9.386882696020345,244.636420555286,13.269519705672861
daily,detectable_upward_drift,both_above_below_high,not_both_high,3,315,0.00817608612469107,0.0011762417773453656,0.03891207615859941,0.005788280211941124,0.0011090752746705254,0.0007426219258431411,0.01654556826464327,0.0006849815919027361,270.6866203947782,42.69356131715842,47.282955107174715,22.33271447573606,193.85068167378404,16.87937701044207,-145.66258391491004,11.193812002044476,319.85654674408096,16.25845203320185
daily,detectable_upward_drift,both_above_below_high,not_both_high,4,315,0.00817608612469107,0.0011762417773453656,0.03891207615859941,0.005788280211941124,0.0013020265635861384,0.0006408161616808644,0.01719539956957339,0.0006385281559944327,374.11484213339145,60.81183785210723,61.041573869250925,26.24524603410176,243.1249152470897,19.610604528846462,-178.80859902569804,12.926662551943407,389.57999028330374,18.5534271140862
daily,detectable_upward_drift,both_above_below_high,not_both_high,5,315,0.00817608612469107,0.0011762417773453656,0.03891207615859941,0.005788280211941124,0.0013874526605125196,0.0005440852697477785,0.017765231746162426,0.0006185950729823909,485.5318008021076,81.30721102159094,83.41785363788057,28.217743527867604,288.63101250153335,20.90298614471959,-208.34551736771942,14.4475219104813,450.999083529961,19.43593444181458
daily,detectable_upward_drift,both_above_below_high,not_both_high,6,315,0.00817608612469107,0.0011762417773453656,0.03891207615859941,0.005788280211941124,0.0014940651101026472,0.00048555939327399897,0.018127906495889905,0.0005988970543558754,605.9344070230088,104.49101386864957,105.8564507394284,29.64763829900996,329.2323823187485,21.756622374183955,-230.525164626376,15.827114600341702,504.45955274248945,19.905429287791506
daily,detectable_upward_drift,both_above_below_high,not_both_high,7,315,0.00817608612469107,0.0011762417773453656,0.03891207615859941,0.005788280211941124,0.0014593596861680487,0.00044194748958715705,0.01826799779564584,0.0005688646106232259,736.4485000903618,130.71497027508843,127.6872987308125,31.524337005812782,368.5057386750404,22.494552409098393,-252.81066037415988,17.092871010434926,554.5973100803674,20.315390251787083
daily,detectable_upward_drift,both_above_below_high,not_both_high,8,315,0.00817608612469107,0.0011762417773453656,0.03891207615859941,0.005788280211941124,0.001602262839616305,0.000419510904040676,0.01877739056596007,0.0005958983647893874,878.3455759378928,160.376445560159,139.69646927371988,32.64236207496362,403.7144394776257,23.124510762822478,-272.93560248740414,18.331165214975826,601.3762238685986,20.584344173634538
daily,detectable_upward_drift,both_above_below_high,not_both_high,9,315,0.00817608612469107,0.0011762417773453656,0.03891207615859941,0.005788280211941124,0.001731508299748035,0.0003955711422650918,0.018976681741266935,0.0005907846313670933,1033.0616874033274,193.92438232705754,170.36627517897185,36.12015038534924,454.08714683768284,26.603183183562873,-291.46551865011185,19.270700596524822,658.8220895665265,23.60406139051129
daily,detectable_upward_drift,both_above_below_high,not_both_high,10,315,0.00817608612469107,0.0011762417773453656,0.03891207615859941,0.005788280211941124,0.001650577245071388,0.0003769262726298176,0.01908193337765167,0.0005722605824323132,1202.2187990762682,231.8660110241366,197.15805331268848,39.26917108247845,494.8442706822522,29.459124193820276,-306.3922718555444,19.94436876447423,703.1162304364061,26.219209387959186
daily,detectable_upward_drift,exclusive_location,above_mid_only,1,1,0.0023210217333220064,,0.015739625982185836,,0.01983485929729145,,0.005597698641708941,,23.237173894206315,,32.48884953625186,,32.48884953625186,,0.0,,32.48884953625186,
daily,detectable_upward_drift,exclusive_location,above_mid_only,2,1,0.0023210217333220064,,0.015739625982185836,,0.009263398620593223,,0.009935635194898375,,46.528344413471594,,201.5766233662819,,201.5766233662819,,0.0,,201.5766233662819,
daily,detectable_upward_drift,exclusive_location,above_mid_only,3,1,0.0023210217333220064,,0.015739625982185836,,0.0012269886775930774,,0.01358923172116273,,69.87363703069244,,163.0912177577204,,201.5766233662819,,0.0,,201.5766233662819,
daily,detectable_upward_drift,exclusive_location,above_mid_only,4,1,0.0023210217333220064,,0.015739625982185836,,-0.0011899495692571094,,0.014209238965804062,,93.27317751032905,,20.98400266349998,,201.5766233662819,,0.0,,201.5766233662819,
daily,detectable_upward_drift,exclusive_location,above_mid_only,5,1,0.0023210217333220064,,0.015739625982185836,,-0.0001826435566757212,,0.01370540105373105,,116.72709190908262,,-28.691481830350753,,201.5766233662819,,-28.691481830350753,,201.5766233662819,
daily,detectable_upward_drift,exclusive_location,above_mid_only,6,1,0.0023210217333220064,,0.015739625982185836,,0.0014872828099824116,,0.014502949363356592,,140.23550657657458,,-76.92245664357777,,201.5766233662819,,-76.92245664357777,,201.5766233662819,
daily,detectable_upward_drift,exclusive_location,above_mid_only,7,1,0.0023210217333220064,,0.015739625982185836,,0.0025135806528294885,,0.01397049810979923,,163.7985481560271,,51.97014285365009,,201.5766233662819,,-76.92245664357777,,201.5766233662819,
daily,detectable_upward_drift,exclusive_location,above_mid_only,8,1,0.0023210217333220064,,0.015739625982185836,,0.0046366385430542945,,0.014072325395515119,,187.41634358494542,,161.63970855979093,,201.5766233662819,,-76.92245664357777,,201.5766233662819,
daily,detectable_upward_drift,exclusive_location,above_mid_only,9,1,0.0023210217333220064,,0.015739625982185836,,0.005005220445870349,,0.01433876634546814,,211.0890200958017,,447.56314914299986,,447.56314914299986,,-76.92245664357777,,447.56314914299986,
daily,detectable_upward_drift,exclusive_location,above_mid_only,10,1,0.0023210217333220064,,0.015739625982185836,,0.0032431092371057344,,0.014286415494726553,,234.81670521672035,,432.1762892149028,,447.56314914299986,,-76.92245664357777,,447.56314914299986,
daily,detectable_upward_drift,exclusive_location,below_mid_only,1,3,0.003782644505946719,0.0012883070599037857,0.011505799777796429,0.000576535885364417,-0.005324217123447403,0.007397307601772198,0.008391518812327406,0.0033389633264560258,37.914731338143774,12.924607836698573,-247.7088885897949,133.72422312633356,6.5614394845403545,6.561439484540355,-254.27032807433525,127.1642087706214,260.8317675588756,120.60434946548774
daily,detectable_upward_drift,exclusive_location,below_mid_only,2,3,0.003782644505946719,0.0012883070599037857,0.011505799777796429,0.000576535885364417,0.0004516653808313009,0.00784948426975303,0.010128809659845465,0.002101400127634604,76.0066244590784,25.932595287694767,-222.12176815001536,179.48088348064968,44.52181984312039,44.52181984312039,-275.99071659011986,138.93053371002514,320.51253643324026,94.84870413820465
daily,detectable_upward_drift,exclusive_location,below_mid_only,3,3,0.003782644505946719,0.0012883070599037857,0.011505799777796429,0.000576535885364417,0.0015997433504984194,0.0039417633016741605,0.01127959669010573,0.0018058672771143662,114.27656659346458,39.024421915013455,-222.66675435734388,252.47808972332697,91.64398932492396,91.64398932492398,-314.31074368226786,162.9167719181389,405.95473300719186,78.33137885220066
daily,detectable_upward_drift,exclusive_location,below_mid_only,4,3,0.003782644505946719,0.0012883070599037857,0.011505799777796429,0.000576535885364417,0.0021160419540398787,0.004776006422211751,0.010959487749773067,0.0015749279381714757,152.72544951399416,52.200549762832175,-116.74895637946882,231.38615833983908,112.46908757978217,112.46908757978217,-314.31074368226786,162.9167719181389,426.77983126205,61.97521823106509
daily,detectable_upward_drift,exclusive_location,below_mid_only,5,3,0.003782644505946719,0.0012883070599037857,0.011505799777796429,0.000576535885364417,0.005052564406293077,0.002487501561074234,0.013872502950585744,0.0029080940018474206,191.3541695588569,65.46144337096563,-137.54549564479413,279.3741590543017,136.75658549581712,136.75658549581712,-314.31074368226786,162.9167719181389,451.06732917808495,47.541288981933306
daily,detectable_upward_drift,exclusive_location,below_mid_only,6,3,0.003782644505946719,0.0012883070599037857,0.011505799777796429,0.000576535885364417,0.0017732119292942616,0.0043110867797759075,0.014954441867159921,0.0027455247755203338,230.16362765532844,78.8075697884238,-31.155630789450427,279.8103636197653,162.4537862825363,162.4537862825363,-339.52268900325765,171.06863441949508,501.9764752857939,22.337502149425145
daily,detectable_upward_drift,exclusive_location,below_mid_only,7,3,0.003782644505946719,0.0012883070599037857,0.011505799777796429,0.000576535885364417,0.00013611405080498948,0.0041488590733386975,0.014691669238067842,0.0026781311411270413,269.15472934348196,92.23939858704505,-94.20538793305252,358.94138240604707,180.80498720690025,180.80498720690025,-415.2267135875361,212.31908928190006,596.0317007944363,51.91125537130762
daily,detectable_upward_drift,exclusive_location,below_mid_only,8,3,0.003782644505946719,0.0012883070599037857,0.011505799777796429,0.000576535885364417,-0.0022698778404310524,0.0035662305335472863,0.0168430792028985,0.000383609223691736,308.328384800022,105.75740187520286,-252.07002410469656,374.4217195339093,180.80498720690025,180.80498720690025,-485.5571696757174,264.65528936268623,666.3621568826176,122.23627831007356
daily,detectable_upward_drift,exclusive_location,below_mid_only,9,3,0.003782644505946719,0.0012883070599037857,0.011505799777796429,0.000576535885364417,-0.0010035228201950184,0.0007854036438495372,0.01767195980031688,0.0016507708903587416,347.685508862243,119.36205431158905,-376.65443347152495,307.5519084014715,180.80498720690025,180.80498720690025,-516.521919744524,281.29447626085476,692.224776408209,148.09819756049157
daily,detectable_upward_drift,exclusive_location,below_mid_only,10,3,0.003782644505946719,0.0012883070599037857,0.011505799777796429,0.000576535885364417,-0.0006648983878989453,0.0005539315624269215,0.01714117833100573,0.0014044238075641329,387.2270210521117,133.0538331190713,-264.5857839105474,166.71744202665792,180.80498720690025,180.80498720690025,-516.521919744524,281.29447626085476,692.224776408209,148.09819756049157
daily,detectable_upward_drift,exclusive_location,none,1,311,0.008237293164072429,0.0011909448825505996,0.03925095487023549,0.0058603454966280576,0.0013459960111849546,0.0012800559349289795,0.012635951587531174,0.0007617210753050515,85.01089915132543,12.674206898771898,21.77296387232462,11.993835902546731,80.42831269681179,8.73963062662437,-58.65534882448717,6.085650742816283,139.08366152129898,9.10936206600238
daily,detectable_upward_drift,exclusive_location,none,2,311,0.008237293164072429,0.0011909448825505996,0.03925095487023549,0.0058603454966280576,0.0010429629789046949,0.0009142849803836924,0.015270875805262972,0.0007400939948126402,175.72418473600177,27.010864366224304,39.179739505596665,18.473270594211858,145.0236425230717,13.441228693255535,-108.18749960405378,9.391738590215041,244.04295254742468,13.41218410566577
daily,detectable_upward_drift,exclusive_location,none,3,311,0.008237293164072429,0.0011909448825505996,0.03925095487023549,0.0058603454966280576,0.001103946508120828,0.0007515673009556537,0.016606065849375826,0.0006929865051019184,272.8410999599486,43.22865057715245,49.51459776229694,22.478729675892534,194.8117560639901,17.071909620354166,-144.5041212287777,11.215585189566966,319.40633891317566,16.44486185257492
daily,detectable_upward_drift,exclusive_location,none,4,311,0.008237293164072429,0.0011909448825505996,0.03925095487023549,0.0058603454966280576,0.001302187627978016,0.0006479305863963655,0.017265379879454586,0.000645633734673636,377.15345899024436,61.574602093329595,62.885397541122,26.50153382927487,244.51885664542644,19.829413100130026,-178.0764516464569,12.995195919848722,389.8256618073577,18.77516824924147
daily,detectable_upward_drift,exclusive_location,none,5,311,0.008237293164072429,0.0011909448825505996,0.03925095487023549,0.0058603454966280576,0.001357048663673315,0.0005503571878410865,0.01781599954319198,0.0006256437836730954,489.55539437967286,82.3277941912268,85.90981306976563,28.466844826861987,290.37595677855074,21.125691804795984,-207.90101047573785,14.553585362203979,451.80042669143785,19.66629308084788
daily,detectable_upward_drift,exclusive_location,none,6,311,0.008237293164072429,0.0011909448825505996,0.03925095487023549,0.0058603454966280576,0.0014913855676592454,0.0004906474104720667,0.01817031085401482,0.0006058697994580442,611.0566296550005,105.80350135223865,107.76582421843044,29.932596006779157,331.25164774338225,21.97577962800728,-229.96764094422858,15.954827651467966,505.4574053526062,20.13739370847497
daily,detectable_upward_drift,exclusive_location,none,7,311,0.008237293164072429,0.0011909448825505996,0.03925095487023549,0.0058603454966280576,0.0014687645762952348,0.0004463786712354098,0.018316470329060613,0.0005753046390301796,742.7974752163263,132.35790063828452,130.07120617733585,31.779324623617946,370.8531064233143,22.70877557111509,-251.8095029596597,17.198602887625963,555.3327361722385,20.540244563978135
daily,detectable_upward_drift,exclusive_location,none,8,311,0.008237293164072429,0.0011909448825505996,0.03925095487023549,0.0058603454966280576,0.001629946860057286,0.00042332376872092277,0.018811287337765322,0.0006033005204021517,886.0657714548271,162.39338885293398,143.4050102410806,32.85732575966049,406.51465225229936,23.33623020164602,-271.51485793524625,18.400391922781345,602.0348791787602,20.784175148755182
daily,detectable_upward_drift,exclusive_location,none,9,311,0.008237293164072429,0.0011909448825505996,0.03925095487023549,0.0058603454966280576,0.001747415981082573,0.00040020206043394035,0.019004269100036775,0.0005980430313613865,1042.316032107285,196.36459363399698,174.7516939956518,36.36536209319288,456.74428663378256,26.864471426598072,-289.98440565565295,19.3391992756004,659.179166350766,23.869146001748135
daily,detectable_upward_drift,exclusive_location,none,10,311,0.008237293164072429,0.0011909448825505996,0.03925095487023549,0.0058603454966280576,0.0016678478738032477,0.00038151660021155346,0.019116184290628647,0.0005792377065328291,1213.1910737641522,234.78516907822757,200.856488283002,39.66199478014121,498.0256178589896,29.752055366676117,-305.1031428251425,20.03104388645207,704.0430067816731,26.51837534398653
daily,detectable_upward_drift,imbalance_side,above_mid_imbalance,1,1,0.0023210217333220064,,0.015739625982185836,,0.01983485929729145,,0.005597698641708941,,23.237173894206315,,32.48884953625186,,32.48884953625186,,0.0,,32.48884953625186,
daily,detectable_upward_drift,imbalance_side,above_mid_imbalance,2,1,0.0023210217333220064,,0.015739625982185836,,0.009263398620593223,,0.009935635194898375,,46.528344413471594,,201.5766233662819,,201.5766233662819,,0.0,,201.5766233662819,
daily,detectable_upward_drift,imbalance_side,above_mid_imbalance,3,1,0.0023210217333220064,,0.015739625982185836,,0.0012269886775930774,,0.01358923172116273,,69.87363703069244,,163.0912177577204,,201.5766233662819,,0.0,,201.5766233662819,
daily,detectable_upward_drift,imbalance_side,above_mid_imbalance,4,1,0.0023210217333220064,,0.015739625982185836,,-0.0011899495692571094,,0.014209238965804062,,93.27317751032905,,20.98400266349998,,201.5766233662819,,0.0,,201.5766233662819,
daily,detectable_upward_drift,imbalance_side,above_mid_imbalance,5,1,0.0023210217333220064,,0.015739625982185836,,-0.0001826435566757212,,0.01370540105373105,,116.72709190908262,,-28.691481830350753,,201.5766233662819,,-28.691481830350753,,201.5766233662819,
daily,detectable_upward_drift,imbalance_side,above_mid_imbalance,6,1,0.0023210217333220064,,0.015739625982185836,,0.0014872828099824116,,0.014502949363356592,,140.23550657657458,,-76.92245664357777,,201.5766233662819,,-76.92245664357777,,201.5766233662819,
daily,detectable_upward_drift,imbalance_side,above_mid_imbalance,7,1,0.0023210217333220064,,0.015739625982185836,,0.0025135806528294885,,0.01397049810979923,,163.7985481560271,,51.97014285365009,,201.5766233662819,,-76.92245664357777,,201.5766233662819,
daily,detectable_upward_drift,imbalance_side,above_mid_imbalance,8,1,0.0023210217333220064,,0.015739625982185836,,0.0046366385430542945,,0.014072325395515119,,187.41634358494542,,161.63970855979093,,201.5766233662819,,-76.92245664357777,,201.5766233662819,
daily,detectable_upward_drift,imbalance_side,above_mid_imbalance,9,1,0.0023210217333220064,,0.015739625982185836,,0.005005220445870349,,0.01433876634546814,,211.0890200958017,,447.56314914299986,,447.56314914299986,,-76.92245664357777,,447.56314914299986,
daily,detectable_upward_drift,imbalance_side,above_mid_imbalance,10,1,0.0023210217333220064,,0.015739625982185836,,0.0032431092371057344,,0.014286415494726553,,234.81670521672035,,432.1762892149028,,447.56314914299986,,-76.92245664357777,,447.56314914299986,
daily,detectable_upward_drift,imbalance_side,below_mid_imbalance,1,1,0.0012421585766491528,,0.011081794325311062,,-0.01784142907746578,,0.015028674475444705,,12.429303751462166,,-376.69824530450535,,0.0,,-376.69824530450535,,376.69824530450535,
daily,detectable_upward_drift,imbalance_side,below_mid_imbalance,2,1,0.0012421585766491528,,0.011081794325311062,,-0.012831652692942175,,0.013185003459526834,,24.87405626209894,,-441.8594108518592,,0.0,,-441.8594108518592,,441.8594108518592,
daily,detectable_upward_drift,imbalance_side,below_mid_imbalance,3,1,0.0012421585766491528,,0.011081794325311062,,-0.005415308588861893,,0.014229739962223303,,37.33427673364237,,-545.8448155732509,,0.0,,-545.8448155732509,,545.8448155732509,
daily,detectable_upward_drift,imbalance_side,below_mid_imbalance,4,1,0.0012421585766491528,,0.011081794325311062,,-0.006422268763448535,,0.013762349232566517,,49.80998439169089,,-420.80277178548897,,0.0,,-545.8448155732509,,545.8448155732509,
daily,detectable_upward_drift,imbalance_side,below_mid_imbalance,5,1,0.0012421585766491528,,0.011081794325311062,,0.0024877225586951825,,0.018825409670361695,,62.30119848573904,,-506.7085645494129,,0.0,,-545.8448155732509,,545.8448155732509,
daily,detectable_upward_drift,imbalance_side,below_mid_imbalance,6,1,0.0012421585766491528,,0.011081794325311062,,0.0028332939703166935,,0.017758969681877877,,74.80793828920716,,-108.1049997794381,,0.0,,-545.8448155732509,,545.8448155732509,
daily,detectable_upward_drift,imbalance_side,below_mid_imbalance,7,1,0.0012421585766491528,,0.011081794325311062,,0.00047359091550307805,,0.01739708481989844,,87.33022309947103,,-125.19580023050092,,0.0,,-545.8448155732509,,545.8448155732509,
daily,detectable_upward_drift,imbalance_side,below_mid_imbalance,8,1,0.0012421585766491528,,0.011081794325311062,,0.0024181434464244367,,0.016728013717126403,,99.86807223789184,,-231.08204290624545,,0.0,,-545.8448155732509,,545.8448155732509,
daily,detectable_upward_drift,imbalance_side,below_mid_imbalance,9,1,0.0012421585766491528,,0.011081794325311062,,0.00012272624257637766,,0.016642374986955297,,112.42150504984578,,-126.24235675425366,,0.0,,-545.8448155732509,,545.8448155732509,
daily,detectable_upward_drift,imbalance_side,below_mid_imbalance,10,1,0.0012421585766491528,,0.011081794325311062,,-0.00023274559722947784,,0.016158885875676574,,124.99054090475404,,-244.8743217098859,,0.0,,-545.8448155732509,,545.8448155732509,
daily,detectable_upward_drift,imbalance_side,neutral,1,313,0.008216945523858519,0.001183411203082701,0.039075024184189504,0.005824165183482838,0.0013433575037642932,0.0012722165753327635,0.01258747075030834,0.0007576094376070112,84.79138826301975,12.59405662912017,20.463141673572135,11.9881135678135,79.9772829621792,8.689646868447046,-59.51414128860706,6.139503101334011,139.49142425078625,9.093517204272993
daily,detectable_upward_drift,imbalance_side,neutral,2,313,0.008216945523858519,0.001183411203082701,0.039075024184189504,0.005824165183482838,0.0010817473471022164,0.0009094225386490285,0.01522811834984465,0.000736048872252698,175.25037466457405,26.840100412663407,38.21211850684465,18.401405646630955,144.5237005885133,13.363285532475414,-108.72979270217004,9.380256907853084,244.14388639200303,13.338782846214547
daily,detectable_upward_drift,imbalance_side,neutral,3,313,0.008216945523858519,0.001183411203082701,0.039075024184189504,0.005824165183482838,0.0011296088338391469,0.0007470954296941936,0.01656246622889295,0.0006892734684784313,272.0737300657853,42.95543345705422,48.8079375609443,22.392126908806265,194.44532940535365,16.97602408153421,-144.84942210103327,11.182626547252125,319.512430624428,16.34212382757911
daily,detectable_upward_drift,imbalance_side,neutral,4,313,0.008216945523858519,0.001183411203082701,0.039075024184189504,0.005824165183482838,0.0013347710233934395,0.0006444013387505095,0.017215973963614337,0.0006424607772015129,376.0482176042054,61.18553770174821,62.708992133980914,26.367691811339093,244.03441431139606,19.72025689223435,-178.20723283553238,12.943580150430922,389.681391374764,18.655773657757557
daily,detectable_upward_drift,imbalance_side,neutral,5,313,0.008216945523858519,0.001183411203082701,0.039075024184189504,0.005824165183482838,0.001388958514099076,0.0005475440045853043,0.017774846017855478,0.0006224208200980495,488.0622650551728,81.80773207508632,85.66141834604517,28.332925361535896,289.83128535021325,21.014523809401382,-207.8412194039234,14.488391396428275,451.49293889136794,19.54165698794127
daily,detectable_upward_drift,imbalance_side,neutral,6,313,0.008216945523858519,0.001183411203082701,0.039075024184189504,0.005824165183482838,0.0014897944480510646,0.0004886579844898757,0.018140707438026267,0.0006026283600286145,609.119152611444,105.13530678955601,107.12399181898708,29.82370585956986,330.6920888403817,21.866532677304107,-230.00849707696997,15.888788735597537,505.29500854614906,20.008869932684302
daily,detectable_upward_drift,imbalance_side,neutral,7,313,0.008216945523858519,0.001183411203082701,0.039075024184189504,0.005824165183482838,0.0014591402881039574,0.00044476090666333153,0.018284563220843257,0.0005723431917318785,740.3519129623274,131.5221971043002,128.737139800584,31.714790033039087,370.21639316061163,22.60126573318687,-252.43639215860546,17.1674518151534,555.753134940499,20.41405244513933
daily,detectable_upward_drift,imbalance_side,neutral,8,313,0.008216945523858519,0.001183411203082701,0.039075024184189504,0.005824165183482838,0.0015899222745193627,0.0004220833030181307,0.01879903941858596,0.0005994967705015938,883.0401661489246,161.36826700848482,140.81095896347676,32.82970466869634,405.65006968717506,23.227359770297838,-272.6899281511677,18.41711973363401,602.830955526099,20.675614281812443
daily,detectable_upward_drift,imbalance_side,neutral,9,313,0.008216945523858519,0.001183411203082701,0.039075024184189504,0.005824165183482838,0.0017261719853603728,0.0003979385613421845,0.018999028607132675,0.0005943427603828226,1038.6291405971326,195.12528246668816,170.42829357503956,36.32809850711941,455.5587479384252,26.733845264048743,-291.3382463340843,19.364775340154214,659.8579880151425,23.742681773196733
daily,detectable_upward_drift,imbalance_side,neutral,10,313,0.008216945523858519,0.001183411203082701,0.039075024184189504,0.005824165183482838,0.0016515092670273703,0.00037926370783826296,0.01910667236926994,0.0005756508367984372,1208.7511644182205,233.30366425632906,197.81944033863212,39.48799385003387,496.57630068934975,29.604795807025592,-306.36037815424805,20.04393584203701,704.4351585391428,26.36942998121314
daily,detectable_upward_drift,volume_level,high_volume,1,2,0.0029613418792530473,0.0017191833026038942,0.011864111190058181,0.0007823168647471192,-0.011868561580929528,0.005972867496536251,0.010369849972142426,0.004658824503302279,29.672131623160052,17.242827871697884,-381.4054921115029,4.707246806997517,0.0,0.0,-381.4054921115029,4.707246806997517,381.4054921115029,4.707246806997517
daily,detectable_upward_drift,volume_level,high_volume,2,2,0.0029613418792530473,0.0017191833026038942,0.011864111190058181,0.0007823168647471192,-0.006492294883821859,0.006339357809120316,0.012142098587352095,0.0010429048721747383,59.46203829712762,34.58798203502867,-399.96538198970364,41.89402886215555,0.0,0.0,-413.9860748851798,27.873335966679402,413.9860748851798,27.873335966679402
daily,detectable_upward_drift,volume_level,high_volume,3,2,0.0029613418792530473,0.0017191833026038942,0.011864111190058181,0.0007823168647471192,-0.0017116041822341128,0.00370370440662778,0.012919346572692687,0.0013103933895306167,89.37024592504702,52.03596919140464,-471.46611552340175,74.37870004984913,0.0,0.0,-471.46611552340175,74.37870004984913,471.46611552340175,74.37870004984913
daily,detectable_upward_drift,volume_level,high_volume,4,2,0.0029613418792530473,0.0017191833026038942,0.011864111190058181,0.0007823168647471192,-0.0018728313870148838,0.0045494373764336515,0.01228253134225312,0.0014798178903133972,119.39728284422569,69.58729845253478,-343.82706593887644,76.9757058466125,0.0,0.0,-471.46611552340175,74.37870004984913,471.46611552340175,74.37870004984913
daily,detectable_upward_drift,volume_level,high_volume,5,2,0.0029613418792530473,0.0017191833026038942,0.011864111190058181,0.0007823168647471192,0.0025654678582788474,7.774529958366467e-05,0.016431010702843647,0.0023943989675180473,149.54367983751328,87.24248135177423,-411.4531217109169,95.25544283849607,0.0,0.0,-471.46611552340175,74.37870004984913,471.46611552340175,74.37870004984913
daily,detectable_upward_drift,volume_level,high_volume,6,2,0.0029613418792530473,0.0017191833026038942,0.011864111190058181,0.0007823168647471192,-0.0016669523472725805,0.004500246317589274,0.017699753771415125,5.9215910462751674e-05,179.8099701447332,105.00203185552604,-290.41412560798005,182.30912582854197,0.0,0.0,-509.28403350488645,36.560782068364425,509.28403350488645,36.560782068364425
daily,detectable_upward_drift,volume_level,high_volume,7,2,0.0029613418792530473,0.0017191833026038942,0.011864111190058181,0.0007823168647471192,-0.0033695611915063317,0.00384315210700941,0.017369753892419806,2.7330927478632847e-05,210.1966894741687,122.86646637469767,-412.51556270992916,287.31976247942816,0.0,0.0,-622.8400703813041,76.99525480805322,622.8400703813041,76.99525480805322
daily,detectable_upward_drift,volume_level,high_volume,8,2,0.0029613418792530473,0.0017191833026038942,0.011864111190058181,0.0007823168647471192,-0.0034254701517772435,0.005843613598201679,0.017142770614127827,0.00041475689700142497,240.70437601410202,140.83630377621014,-570.9543681800733,339.87232527382787,0.0,0.0,-728.335754513576,182.4909389403251,728.335754513576,182.4909389403251
daily,detectable_upward_drift,volume_level,high_volume,9,2,0.0029613418792530473,0.0017191833026038942,0.011864111190058181,0.0007823168647471192,-0.0011961042399423812,0.0013188304825187587,0.018772880563983706,0.0021305055770284072,271.3335704444081,158.9120653945623,-557.3284543924644,431.0860976382108,0.0,0.0,-767.1296838019631,221.28486822871216,767.1296838019631,221.28486822871216
daily,detectable_upward_drift,volume_level,high_volume,10,2,0.0029613418792530473,0.0017191833026038942,0.011864111190058181,0.0007823168647471192,-0.0009985765872827957,0.0007658309900533178,0.018035072729096373,0.0018761868534198003,302.0848159482025,177.09427504344845,-403.786949198352,158.9126274884661,0.0,0.0,-767.1296838019631,221.28486822871216,767.1296838019631,221.28486822871216
daily,detectable_upward_drift,volume_level,low_volume,1,313,0.008209407174182688,0.001183507410990266,0.039084906605682736,0.00582402983555416,0.0014258272261414879,0.0012733801572219908,0.012587107523298302,0.000757620125348477,84.71574038570138,12.595012985440816,21.800526940200736,11.91712626289317,80.08108120350907,8.687204499790335,-58.280554263308325,6.052488845564209,138.36163546681743,9.065450244084689
daily,detectable_upward_drift,volume_level,low_volume,2,313,0.008209407174182688,0.001183507410990266,0.039084906605682736,0.00582402983555416,0.001111927910228161,0.0009097915056336452,0.015224388995612986,0.0007361255832850376,175.0985482239393,26.84200196303595,40.00013121129778,18.364821498682925,145.16771535965157,13.356478506010104,-107.49620567687133,9.344384446633867,243.55431413784257,13.331698280925105
daily,detectable_upward_drift,volume_level,low_volume,3,313,0.008209407174182688,0.001183507410990266,0.039084906605682736,0.00582402983555416,0.001127156553240427,0.0007470903513015953,0.016568813275489105,0.0006891560140549919,271.8451914776519,42.958269519342636,50.597645654334954,22.349381950550974,195.08934417649192,16.96459312877453,-143.58077221134138,11.162854297776345,318.88779550587446,16.344557640356577
daily,detectable_upward_drift,volume_level,low_volume,4,313,0.008209407174182688,0.001183507410990266,0.039084906605682736,0.00582402983555416,0.0013223782171156323,0.0006444375279854237,0.017226892314620313,0.0006422030495920109,375.7424303716609,61.18929814163625,63.628593931922666,26.346880633221428,244.6784290825343,19.705223665153053,-176.93858294584055,12.936990561342835,389.0567562562104,18.66543344132334
daily,detectable_upward_drift,volume_level,low_volume,5,313,0.008209407174182688,0.001183507410990266,0.039084906605682736,0.00582402983555416,0.0013799012810396583,0.000547552203239895,0.01777378444515806,0.0006224422258597746,487.67868975395805,81.81240736583794,86.57996849633933,28.306045122852282,290.4753001213515,20.995915210336808,-206.66423559036684,14.486923672833457,450.8683037728143,19.557207634503506
daily,detectable_upward_drift,volume_level,low_volume,6,313,0.008209407174182688,0.001183507410990266,0.039084906605682736,0.00582402983555416,0.0015143280425217191,0.0004880373567250755,0.01813065106463654,0.0006027390957363231,608.6572468752661,105.14088806348727,108.38853109947571,29.77166835840301,331.33610361151995,21.84478908719136,-228.74395779648134,15.87719169669239,504.42872538937524,20.032129108575827
daily,detectable_upward_drift,volume_level,low_volume,7,313,0.008209407174182688,0.001183507410990266,0.039084906605682736,0.00582402983555416,0.0014903143071787815,0.00044389816960840775,0.01827375576938447,0.0005725024105602069,739.811131468101,131.52867619576173,131.13907420327732,31.60442457488466,370.86040793174993,22.5766162987322,-250.44625519839533,17.11649642345259,554.1612541040034,20.440091845850368
daily,detectable_upward_drift,volume_level,low_volume,8,313,0.008209407174182688,0.001183507410990266,0.039084906605682736,0.00582402983555416,0.0016344918972534433,0.0004207473621958758,0.018787868898984632,0.0005996751985632333,882.4199606019426,161.37563648830812,144.23736919355244,32.65626202548219,406.29408445831336,23.20022309842418,-270.0256973626363,18.313657975830203,600.5649808612823,20.691589634568082
daily,detectable_upward_drift,volume_level,low_volume,9,313,0.008209407174182688,0.001183507410990266,0.039084906605682736,0.00582402983555416,0.0017502750467973322,0.0003978425182423046,0.018977988159070036,0.0005944983951221973,1037.928959716164,195.1335356681943,175.0160817577031,36.14828142255596,456.9886621529396,26.69395872830521,-288.4261310133587,19.247398090980607,658.1300282615077,23.728916361089944
daily,detectable_upward_drift,volume_level,low_volume,10,313,0.008209407174182688,0.001183507410990266,0.039084906605682736,0.00582402983555416,0.0016675590004069914,0.00037913847673618205,0.01908864402283472,0.000575852086055623,1207.9704539205368,233.31279529313022,200.99795748208814,39.41965209109823,498.00621490386413,29.56242400555692,-303.44826283352256,19.937592572071903,702.707198785508,26.366401684925737
daily,no_detectable_drift,both_above_below_high,not_both_high,1,475,0.002231113634439281,0.0005887621400907921,0.026705148283341428,0.002786964185913443,0.007076446205064484,0.0060165799105086435,0.01686888846423387,0.004792238471102828,23.185442584693796,6.184749725711817,341.0020943146417,314.1332397581704,397.16254132880385,313.9483794860132,-56.1604470141622,4.66853071030055,453.3229883429661,313.83286634896825
daily,no_detectable_drift,both_above_below_high,not_both_high,2,475,0.002231113634439281,0.0005887621400907921,0.026705148283341428,0.002786964185913443,0.004343409888462402,0.002976053377562049,0.019131113734087785,0.0038346860606972583,48.23774516681583,13.01819698850062,642.474732844724,424.6586934603172,770.0744767678236,440.9397131762403,-103.26143416153246,8.724732859816918,862.1553360965333,440.6886611123726
daily,no_detectable_drift,both_above_below_high,not_both_high,3,475,0.002231113634439281,0.0005887621400907921,0.026705148283341428,0.002786964185913443,0.0055154116802099366,0.002764264251697236,0.02288604825256181,0.004540272843456551,75.3505334351105,20.589348178894255,624.733860209213,395.35727665198823,829.4395029769933,440.82652958619246,-139.44822552263585,10.075052298654201,942.7024100015715,440.498749415072
daily,no_detectable_drift,both_above_below_high,not_both_high,4,475,0.002231113634439281,0.0005887621400907921,0.026705148283341428,0.002786964185913443,0.004482404588053994,0.002053765153508272,0.023103959402318873,0.004013373505842929,104.7412200037182,28.997921283879208,929.7037481687264,483.69805832146614,1185.7238739560353,533.5885563649904,-172.43545854575646,11.920919292134833,1318.7747161703383,533.1079166905737
daily,no_detectable_drift,both_above_below_high,not_both_high,5,475,0.002231113634439281,0.0005887621400907921,0.026705148283341428,0.002786964185913443,0.004171553342949978,0.0016512513459080239,0.022873088475005004,0.003628434370257912,136.6539168171427,38.35561367967097,925.5826974823727,469.6489189001684,1237.5250080650558,533.4806853232968,-200.87524688152502,13.994489851591805,1390.3010424792276,532.9325936969968
daily,no_detectable_drift,both_above_below_high,not_both_high,6,475,0.002231113634439281,0.0005887621400907921,0.026705148283341428,0.002786964185913443,0.004707953215261542,0.0016727731100340108,0.025111249809846876,0.004050111908204621,171.36270480878088,48.78752989769908,934.9430024201764,457.16378973278245,1289.059700047962,533.3836638882019,-223.24176001711365,15.007595808416928,1454.210993880019,532.7726149290693
daily,no_detectable_drift,both_above_below_high,not_both_high,7,475,0.002231113634439281,0.0005887621400907921,0.026705148283341428,0.002786964185913443,0.005009627866200741,0.0016398890216336778,0.027351840532973338,0.004329412222299697,209.17530463976055,60.43378972776371,1216.619648030518,525.8151981486548,1609.8098079524718,598.8341707331515,-246.4186792199764,16.331425387636862,1785.929679050527,598.0774523916958
daily,no_detectable_drift,both_above_below_high,not_both_high,8,475,0.002231113634439281,0.0005887621400907921,0.026705148283341428,0.002786964185913443,0.005076899027677516,0.001586496687442951,0.028981966492175035,0.004524939214122793,250.43719772268213,73.45133931559178,1496.8888334776693,585.4253406549043,1931.7713495095488,657.9779890879107,-271.50393740596354,17.791660739202626,2121.6321270318854,657.0633398102603
daily,no_detectable_drift,both_above_below_high,not_both_high,9,475,0.002231113634439281,0.0005887621400907921,0.026705148283341428,0.002786964185913443,0.004539316370523186,0.0013921112993095107,0.028495824944942048,0.004274417297973231,295.5362527727458,88.01599048846458,1720.4666664993308,622.6247952330842,2239.8445520729697,710.8302009963498,-296.9282368295961,19.05070144687692,2439.7057990806966,709.7772110497579
daily,no_detectable_drift,both_above_below_high,not_both_high,10,475,0.002231113634439281,0.0005887621400907921,0.026705148283341428,0.002786964185913443,0.004213852044401568,0.0012502859046592076,0.028236491231685482,0.0040616043668488784,344.90791990770543,104.32471644799165,1683.1663827181462,604.2886152968517,2273.6604432545223,710.6802892279346,-316.65020867768897,20.201690860219774,2484.2988800250823,709.5722687511341
daily,no_detectable_drift,exclusive_location,above_mid_only,1,2,0.05689342050329746,0.05751832856592125,0.30704919779506035,0.2964685087382065,-0.010577949843908032,0.013726429375772398,0.022703234450588403,0.021427924326525946,602.9448784891791,609.1920069716413,108.2221399400668,113.62201809379023,110.92207901692852,110.9220790169285,-2.6999390768617237,2.6999390768617237,113.62201809379025,108.22213994006678
daily,no_detectable_drift,exclusive_location,above_mid_only,2,2,0.05689342050329746,0.05751832856592125,0.30704919779506035,0.2964685087382065,-0.008190774620048358,0.0032190097133680826,0.020694403460692016,0.012209738567701762,1279.3554997638046,1291.8458540673014,-68.29002578193133,89.03837166746864,121.29625195969717,100.54790607415987,-81.36413780156171,75.96425964783826,121.29625195969717,100.54790607415987
daily,no_detectable_drift,exclusive_location,above_mid_only,3,2,0.05689342050329746,0.05751832856592125,0.30704919779506035,0.2964685087382065,-0.003969318828040598,0.003859054638448637,0.019387023743515697,0.009426406997417088,2038.1366797416645,2056.8663596428105,-77.88742127833981,33.707318343938475,121.29625195969717,100.54790607415987,-134.46156853583912,22.866828913560845,166.71944882806767,55.12470920578937
daily,no_detectable_drift,exclusive_location,above_mid_only,4,2,0.05689342050329746,0.05751832856592125,0.30704919779506035,0.2964685087382065,-0.008048325116781607,0.002281039413267904,0.020086025913478148,0.010677512285906916,2889.272620072287,2914.2377277842174,-232.65898173390366,22.90810597571358,121.29625195969717,100.54790607415987,-232.65898173390366,22.90810597571358,238.70562287173715,16.861464837880092
daily,no_detectable_drift,exclusive_location,above_mid_only,5,2,0.05689342050329746,0.05751832856592125,0.30704919779506035,0.2964685087382065,-0.009255252620435429,0.002043791243823635,0.01904837543555065,0.00855089379334955,3843.9577444627603,3875.1543846336076,-274.7441278706891,49.276257159051596,121.29625195969717,100.54790607415987,-289.793736369679,34.226648660061755,289.793736369679,34.226648660061755
daily,no_detectable_drift,exclusive_location,above_mid_only,6,2,0.05689342050329746,0.05751832856592125,0.30704919779506035,0.2964685087382065,-0.0014073985085755933,0.0021919189024295718,0.02273898653091111,0.011101745919535557,4914.743394157194,4952.167673868567,-368.85780815565874,33.393072795057634,121.29625195969717,100.54790607415987,-368.85780815565874,33.393072795057634,368.85780815565874,33.393072795057634
daily,no_detectable_drift,exclusive_location,above_mid_only,7,2,0.05689342050329746,0.05751832856592125,0.30704919779506035,0.2964685087382065,0.0012460238190019621,0.0019731813435365704,0.021792085378076927,0.00979045833506959,6115.70230491634,6159.350333681803,3.1478904076054306,217.43348800906332,121.29625195969717,100.54790607415987,-368.85780815565874,33.393072795057634,368.85780815565874,33.393072795057634
daily,no_detectable_drift,exclusive_location,above_mid_only,8,2,0.05689342050329746,0.05751832856592125,0.30704919779506035,0.2964685087382065,0.0021775129374996816,0.0004317757819936041,0.02076030992585942,0.008811713665930922,7462.613020858605,7512.480910622159,161.83146346171463,193.13861104208516,187.85921019466858,167.11086430913124,-368.85780815565874,33.393072795057634,368.85780815565874,33.393072795057634
daily,no_detectable_drift,exclusive_location,above_mid_only,9,2,0.05689342050329746,0.05751832856592125,0.30704919779506035,0.2964685087382065,0.000520624166706248,0.0019136219882333416,0.02071265165203887,0.009301221497661685,8973.166661782927,9029.250526917493,118.37178987007536,17.571151525930254,245.45650794990271,109.51356655389709,-368.85780815565874,33.393072795057634,368.85780815565874,33.393072795057634
daily,no_detectable_drift,exclusive_location,above_mid_only,10,2,0.05689342050329746,0.05751832856592125,0.30704919779506035,0.2964685087382065,-0.0005246468217165122,0.0021345170051076503,0.019905000626357562,0.008751861482520355,10667.19875352155,10729.49471082745,101.56575465387675,123.92705624258926,290.2314427001329,64.7386318036669,-368.85780815565874,33.393072795057634,368.85780815565874,33.393072795057634
daily,no_detectable_drift,exclusive_location,below_mid_only,1,3,0.041496056866023194,0.03756835174325975,0.2091695679351595,0.1971498504581542,0.00011520835105486664,0.02127160743672962,0.017291362805232646,0.007512885140552402,438.5917880874849,399.2368438198873,-68.69459328578002,60.48143032829267,13.994146584921374,13.994146584921376,-82.68873987070138,48.01050852930873,96.68288645562275,36.65633262084554
daily,no_detectable_drift,exclusive_location,below_mid_only,2,3,0.041496056866023194,0.03756835174325975,0.2091695679351595,0.1971498504581542,-0.004397201632304097,0.011843095253699759,0.01881334993047984,0.002231213991557797,928.297863325401,849.4317898307398,-13.296386991758325,172.97391973600278,103.42508216961329,103.42508216961329,-120.9476043516433,83.47354314330367,224.3726865212566,71.80225698682216
daily,no_detectable_drift,exclusive_location,below_mid_only,3,3,0.041496056866023194,0.03756835174325975,0.2091695679351595,0.1971498504581542,0.007323967466831604,0.004560107860055371,0.025271017036124225,0.006467253874513601,1475.4289247599897,1356.8949370737885,-48.45214581615909,156.74864350913268,128.2245387064984,93.52472847448966,-147.1401552849368,108.84949799087964,250.5652374545501,85.59776973650378
daily,no_detectable_drift,exclusive_location,below_mid_only,4,3,0.041496056866023194,0.03756835174325975,0.2091695679351595,0.1971498504581542,0.009689746530229693,0.004388957420954892,0.022377368111685173,0.005535826933525974,2087.0762920712627,1928.7170028857822,276.2271900610743,70.34107750765955,326.36405113470954,40.34253566960657,-147.1401552849368,108.84949799087964,357.60517362386025,26.752569757684956
daily,no_detectable_drift,exclusive_location,below_mid_only,5,3,0.041496056866023194,0.03756835174325975,0.2091695679351595,0.1971498504581542,0.008940275851072687,0.002984918511821604,0.02055220660974517,0.004723393059508341,2771.2084726811686,2572.865889894134,442.7539610773024,110.72653090154998,454.39935727516223,102.20747047720492,-147.1401552849368,108.84949799087964,454.39935727516223,102.20747047720492
daily,no_detectable_drift,exclusive_location,below_mid_only,6,3,0.041496056866023194,0.03756835174325975,0.2091695679351595,0.1971498504581542,0.004267759895183268,0.0032441442828489717,0.020689548011486588,0.005005151592680356,3536.779674773117,3298.2951989248663,382.16672365762133,127.34223333652497,490.5353930425683,80.89564933131169,-147.1401552849368,108.84949799087964,490.5353930425683,80.89564933131169
daily,no_detectable_drift,exclusive_location,below_mid_only,7,3,0.041496056866023194,0.03756835174325975,0.2091695679351595,0.1971498504581542,0.004237167836477281,0.004019277853486043,0.019470248607606058,0.004586744807234061,4393.851744001448,4115.066165603218,321.7178290775487,150.02162958702783,511.65184473350274,73.97804064330714,-147.1401552849368,108.84949799087964,511.65184473350274,73.97804064330714
daily,no_detectable_drift,exclusive_location,below_mid_only,8,3,0.041496056866023194,0.03756835174325975,0.2091695679351595,0.1971498504581542,0.0035685371587962367,0.0051770993205462685,0.019389236607113624,0.005165345206667583,5353.73118447926,5034.4846812364785,356.09507261980497,199.87265152810681,536.2791367712708,73.14242887723158,-147.1401552849368,108.84949799087964,536.2791367712708,73.14242887723158
daily,no_detectable_drift,exclusive_location,below_mid_only,9,3,0.041496056866023194,0.03756835174325975,0.2091695679351595,0.1971498504581542,0.0034620280780531857,0.0037170151033620283,0.019116435989238945,0.004762867708153549,6429.123130057466,6069.255263993018,333.5107532819082,333.37563152194053,577.8838404813444,90.42267904925292,-147.1401552849368,108.84949799087964,577.8838404813444,90.42267904925292
daily,no_detectable_drift,exclusive_location,below_mid_only,10,3,0.041496056866023194,0.03756835174325975,0.2091695679351595,0.1971498504581542,0.0034182314378713515,0.001542391924757068,0.01934679189529764,0.004853921072252465,7634.304362744475,7233.654077227857,383.69259371133785,194.08517644988387,596.4917837931872,97.81768520104868,-147.1401552849368,108.84949799087964,596.4917837931872,97.81768520104868
daily,no_detectable_drift,exclusive_location,none,1,470,0.0017478807760723275,0.00048686551118976636,0.024347528372748034,0.0022135921586967765,0.007196259649968479,0.006079342184351853,0.016841306129488226,0.0048427593453449925,18.06685129040158,5.090225402918371,344.6154204799943,317.4810087973374,400.83415350120345,317.29438383396774,-56.21873302120907,4.707879550453565,457.0528865224125,317.1775359919152
daily,no_detectable_drift,exclusive_location,none,2,470,0.0017478807760723275,0.00048686551118976636,0.024347528372748034,0.0022135921586967765,0.004453004340554968,0.003006809256099327,0.019126469956219444,0.0038755020911846565,37.38154120156108,10.666616178840819,649.7004106203375,429.17743118836086,777.1054034915142,445.6339168378164,-103.24168167144636,8.803562794743218,869.3942830410952,445.37961056725317
daily,no_detectable_drift,exclusive_location,none,3,470,0.0017478807760723275,0.00048686551118976636,0.024347528372748034,0.0022135921586967765,0.005544413379688814,0.0027936085231433237,0.022885712369622634,0.004588700627595918,58.06158137854083,16.79961146350971,632.0362068639064,399.5623001911623,836.9446871877525,445.5180165829861,-139.4202884750595,10.16637554580744,950.4388224535718,445.1859997081671
daily,no_detectable_drift,exclusive_location,none,4,470,0.0017478807760723275,0.00048686551118976636,0.024347528372748034,0.0022135921586967765,0.004502660883296794,0.0020752451155983446,0.02312158953289738,0.004056236108419741,80.2389476285272,23.56823183083745,938.8405394994903,488.84137605675045,1195.759982084941,539.2639543270687,-172.34044546133464,12.032759149068703,1329.5287605503734,538.7756097119586
daily,no_detectable_drift,exclusive_location,none,5,470,0.0017478807760723275,0.00048686551118976636,0.024347528372748034,0.0022135921586967765,0.004198537094352995,0.0016683440873754092,0.022904512285058094,0.0036672858559993154,104.06185017271014,31.061061140720486,933.7898187188789,474.64347237388824,1247.2943779255684,539.1553476379354,-200.83978482569015,14.12806648428421,1400.9806153317465,538.5983883799273
daily,no_detectable_drift,exclusive_location,none,6,470,0.0017478807760723275,0.00048686551118976636,0.024347528372748034,0.0022135921586967765,0.004737095760224787,0.0016905757156828697,0.02514998020114355,0.004093443821916752,129.6967212160365,39.37735161245481,944.0388029690877,462.0208473204143,1299.147332920441,539.0560701646303,-223.10758670777344,15.147757915934605,1465.003601926844,538.4364010723274
daily,no_detectable_drift,exclusive_location,none,7,470,0.0017478807760723275,0.00048686551118976636,0.024347528372748034,0.0022135921586967765,0.005030799023584758,0.001657352426123609,0.0274266024385344,0.004375714023795408,157.33044651499839,48.62826908909134,1227.5186863505705,531.4027466863081,1623.1818783184474,605.1943387350256,-246.53159460149828,16.487371621071336,1800.1236603825969,604.4263736191026
daily,no_detectable_drift,exclusive_location,none,8,470,0.0017478807760723275,0.00048686551118976636,0.024347528372748034,0.0022135921586967765,0.005099100872380741,0.0016033067220503953,0.029079217035804746,0.0045732764899632065,187.17287090025326,58.93829727134229,1509.8792301143546,591.6429451594563,1948.1344644708379,664.9585929152737,-271.88428624362604,17.96395484933206,2139.2474950671394,664.0282026538913
daily,no_detectable_drift,exclusive_location,none,9,470,0.0017478807760723275,0.00048686551118976636,0.024347528372748034,0.0022135921586967765,0.004563551315222206,0.0014068883856886052,0.02858981314591606,0.004320053722225349,219.45961139003407,70.44682167936588,1736.1704138189702,629.227367207872,2258.9802838917776,718.3641670235814,-297.5796336355275,19.2361233427499,2460.446016261184,717.2911513204969
daily,no_detectable_drift,exclusive_location,none,10,470,0.0017478807760723275,0.00048686551118976636,0.024347528372748034,0.0022135921586967765,0.004239365720857109,0.0012636150499696368,0.028329678498824885,0.004104943831814811,254.45521566145433,83.30991629610763,1698.2231473730485,610.698896378095,2292.846720396298,718.2124577692867,-317.51186104703294,20.39883746597865,2505.395475829847,717.0818407768985
daily,no_detectable_drift,imbalance_side,above_mid_imbalance,1,2,0.05689342050329746,0.05751832856592125,0.30704919779506035,0.2964685087382065,-0.010577949843908032,0.013726429375772398,0.022703234450588403,0.021427924326525946,602.9448784891791,609.1920069716413,108.2221399400668,113.62201809379023,110.92207901692852,110.9220790169285,-2.6999390768617237,2.6999390768617237,113.62201809379025,108.22213994006678
daily,no_detectable_drift,imbalance_side,above_mid_imbalance,2,2,0.05689342050329746,0.05751832856592125,0.30704919779506035,0.2964685087382065,-0.008190774620048358,0.0032190097133680826,0.020694403460692016,0.012209738567701762,1279.3554997638046,1291.8458540673014,-68.29002578193133,89.03837166746864,121.29625195969717,100.54790607415987,-81.36413780156171,75.96425964783826,121.29625195969717,100.54790607415987
daily,no_detectable_drift,imbalance_side,above_mid_imbalance,3,2,0.05689342050329746,0.05751832856592125,0.30704919779506035,0.2964685087382065,-0.003969318828040598,0.003859054638448637,0.019387023743515697,0.009426406997417088,2038.1366797416645,2056.8663596428105,-77.88742127833981,33.707318343938475,121.29625195969717,100.54790607415987,-134.46156853583912,22.866828913560845,166.71944882806767,55.12470920578937
daily,no_detectable_drift,imbalance_side,above_mid_imbalance,4,2,0.05689342050329746,0.05751832856592125,0.30704919779506035,0.2964685087382065,-0.008048325116781607,0.002281039413267904,0.020086025913478148,0.010677512285906916,2889.272620072287,2914.2377277842174,-232.65898173390366,22.90810597571358,121.29625195969717,100.54790607415987,-232.65898173390366,22.90810597571358,238.70562287173715,16.861464837880092
daily,no_detectable_drift,imbalance_side,above_mid_imbalance,5,2,0.05689342050329746,0.05751832856592125,0.30704919779506035,0.2964685087382065,-0.009255252620435429,0.002043791243823635,0.01904837543555065,0.00855089379334955,3843.9577444627603,3875.1543846336076,-274.7441278706891,49.276257159051596,121.29625195969717,100.54790607415987,-289.793736369679,34.226648660061755,289.793736369679,34.226648660061755
daily,no_detectable_drift,imbalance_side,above_mid_imbalance,6,2,0.05689342050329746,0.05751832856592125,0.30704919779506035,0.2964685087382065,-0.0014073985085755933,0.0021919189024295718,0.02273898653091111,0.011101745919535557,4914.743394157194,4952.167673868567,-368.85780815565874,33.393072795057634,121.29625195969717,100.54790607415987,-368.85780815565874,33.393072795057634,368.85780815565874,33.393072795057634
daily,no_detectable_drift,imbalance_side,above_mid_imbalance,7,2,0.05689342050329746,0.05751832856592125,0.30704919779506035,0.2964685087382065,0.0012460238190019621,0.0019731813435365704,0.021792085378076927,0.00979045833506959,6115.70230491634,6159.350333681803,3.1478904076054306,217.43348800906332,121.29625195969717,100.54790607415987,-368.85780815565874,33.393072795057634,368.85780815565874,33.393072795057634
daily,no_detectable_drift,imbalance_side,above_mid_imbalance,8,2,0.05689342050329746,0.05751832856592125,0.30704919779506035,0.2964685087382065,0.0021775129374996816,0.0004317757819936041,0.02076030992585942,0.008811713665930922,7462.613020858605,7512.480910622159,161.83146346171463,193.13861104208516,187.85921019466858,167.11086430913124,-368.85780815565874,33.393072795057634,368.85780815565874,33.393072795057634
daily,no_detectable_drift,imbalance_side,above_mid_imbalance,9,2,0.05689342050329746,0.05751832856592125,0.30704919779506035,0.2964685087382065,0.000520624166706248,0.0019136219882333416,0.02071265165203887,0.009301221497661685,8973.166661782927,9029.250526917493,118.37178987007536,17.571151525930254,245.45650794990271,109.51356655389709,-368.85780815565874,33.393072795057634,368.85780815565874,33.393072795057634
daily,no_detectable_drift,imbalance_side,above_mid_imbalance,10,2,0.05689342050329746,0.05751832856592125,0.30704919779506035,0.2964685087382065,-0.0005246468217165122,0.0021345170051076503,0.019905000626357562,0.008751861482520355,10667.19875352155,10729.49471082745,101.56575465387675,123.92705624258926,290.2314427001329,64.7386318036669,-368.85780815565874,33.393072795057634,368.85780815565874,33.393072795057634
daily,no_detectable_drift,imbalance_side,below_mid_imbalance,1,1,0.11663198053162412,,0.6034494428792774,,-0.04098666555142216,,0.029617895096025068,,1237.0580797072216,,-166.30551228893785,,0.0,,-166.30551228893785,,166.30551228893785,
daily,no_detectable_drift,imbalance_side,below_mid_imbalance,2,1,0.11663198053162412,,0.6034494428792774,,-0.028082213376259713,,0.022416344038874693,,2627.147428671336,,-281.08210573176365,,0.0,,-281.08210573176365,,281.08210573176365,
daily,no_detectable_drift,imbalance_side,below_mid_imbalance,3,1,0.11663198053162412,,0.6034494428792774,,0.0016793049772999187,,0.038205271820379035,,4189.19890370055,,-359.6597585316441,,0.0,,-359.6597585316441,,359.6597585316441,
daily,no_detectable_drift,imbalance_side,below_mid_imbalance,4,1,0.11663198053162412,,0.6034494428792774,,0.005716307176636404,,0.033437100307032556,,5944.485218540112,,265.9363910641921,,265.9363910641921,,-359.6597585316441,,359.6597585316441,
daily,no_detectable_drift,imbalance_side,below_mid_imbalance,5,1,0.11663198053162412,,0.6034494428792774,,0.004241020464944434,,0.029978531359888663,,7916.910645176853,,400.9214525423954,,400.9214525423954,,-359.6597585316441,,400.9214525423954,
daily,no_detectable_drift,imbalance_side,below_mid_imbalance,6,1,0.11663198053162412,,0.6034494428792774,,-0.0020343646374946602,,0.03058971437012094,,10133.336552877687,,145.62411009592324,,400.9214525423954,,-359.6597585316441,,400.9214525423954,
daily,no_detectable_drift,imbalance_side,below_mid_imbalance,7,1,0.11663198053162412,,0.6034494428792774,,-0.003751549385637963,,0.028566300864504103,,12623.947218297903,,21.915624801649436,,400.9214525423954,,-359.6597585316441,,400.9214525423954,
daily,no_detectable_drift,imbalance_side,below_mid_imbalance,8,1,0.11663198053162412,,0.6034494428792774,,-0.006724891070196359,,0.02968497176849949,,15422.66088842441,,-43.65022572754506,,400.9214525423954,,-359.6597585316441,,400.9214525423954,
daily,no_detectable_drift,imbalance_side,below_mid_imbalance,9,1,0.11663198053162412,,0.6034494428792774,,-0.003971185222858628,,0.028566611737134446,,18567.59169439264,,-332.197809055913,,400.9214525423954,,-359.6597585316441,,400.9214525423954,
daily,no_detectable_drift,imbalance_side,below_mid_imbalance,10,1,0.11663198053162412,,0.6034494428792774,,0.0008546933167336235,,0.028862168762921334,,22101.568706725167,,23.990801655118243,,400.9214525423954,,-359.6597585316441,,400.9214525423954,
daily,no_detectable_drift,imbalance_side,neutral,1,472,0.001757118972077202,0.00048484506169950225,0.02429533389008004,0.002204534807025735,0.007253456616645017,0.006053702397127653,0.016817046216665927,0.004822256053963142,18.15707074373723,5.069042213517266,343.06763044065593,316.1334051144583,399.2212323393189,315.94768871290665,-56.15360189866288,4.689703077666798,455.3748342379817,315.83150698862636
daily,no_detectable_drift,imbalance_side,neutral,2,472,0.001757118972077202,0.00048484506169950225,0.02429533389008004,0.002204534807025735,0.004465737531615047,0.0029940142552230802,0.01911747158566652,0.003859004357328426,37.55735280940376,10.622111762062207,647.4536847679296,427.35640991651286,774.4643513461336,443.74378175505814,-102.97687773085245,8.768996841789365,866.534935669014,443.4911221048913
daily,no_detectable_drift,imbalance_side,neutral,3,472,0.001757118972077202,0.00048484506169950225,0.02429533389008004,0.002204534807025735,0.005564037624174566,0.0027817803244456953,0.02286830587612317,0.0045691282492007915,58.31786253918137,16.7293523319747,629.8073977500112,397.8669669722716,834.207498741349,443.6285625677425,-139.0018598771254,10.128219396314737,947.2353369098878,443.2995104637218
daily,no_detectable_drift,imbalance_side,neutral,4,472,0.001757118972077202,0.00048484506169950225,0.02429533389008004,0.002204534807025735,0.00453331817100504,0.0020665822474843338,0.02309477719307308,0.00403892783420427,80.57001915907088,23.46945335508132,936.0487435337153,486.7675397554762,1192.1965761362574,536.9775673389496,-171.78222851101722,11.988726166146963,1325.3973343109662,536.4933363681213
daily,no_detectable_drift,imbalance_side,neutral,5,472,0.001757118972077202,0.00048484506169950225,0.02429533389008004,0.002204534807025735,0.004228906972082261,0.0016613581012070414,0.022874253321244882,0.0036516261985391186,104.46140752974665,30.93062763492391,931.793557133426,472.62829948176113,1244.0410612874193,536.8686688929133,-200.16055157233941,14.076726067025042,1397.0747032056738,536.316255725758
daily,no_detectable_drift,imbalance_side,neutral,6,472,0.001757118972077202,0.00048484506169950225,0.02429533389008004,0.002204534807025735,0.004748580669866318,0.001683352216678129,0.02510967820812867,0.004075995467874711,130.15775729444664,39.211711666941795,942.155147884032,460.0588778843749,1295.9039997160771,536.7696530773705,-222.33379803241806,15.09376760047178,1461.0559958179942,536.1549802511571
daily,no_detectable_drift,imbalance_side,neutral,7,472,0.001757118972077202,0.00048484506169950225,0.02429533389008004,0.002204534807025735,0.005044506635678764,0.0016502770133207847,0.027373050490100238,0.0043571195586533185,157.84516499100783,48.423405550163494,1224.3089209359844,529.1487170394563,1618.6971019384498,602.6301579047716,-245.65834092447102,16.429330122308986,1794.8875388558304,601.8684952380924
daily,no_detectable_drift,imbalance_side,neutral,8,472,0.001757118972077202,0.00048484506169950225,0.02429533389008004,0.002204534807025735,0.005114587597866444,0.0015964731308750544,0.029015671648184263,0.00455389146336306,187.7325889579076,58.689671193552904,1505.8286504611874,589.1349358795645,1942.4267086934065,662.1442757672609,-270.90337782501865,17.90142932630929,2132.728218989936,661.2216012317439
daily,no_detectable_drift,imbalance_side,neutral,9,472,0.001757118972077202,0.00048484506169950225,0.02429533389008004,0.002204534807025735,0.004574750815921506,0.0014008790688924667,0.028529006015163918,0.004301748147222723,220.05465052774528,70.14930949121273,1731.6277158174069,626.5608702871126,2252.217586441922,715.3264996917732,-296.4896154615405,19.170216400161088,2452.8278379944722,714.2623659239306
daily,no_detectable_drift,imbalance_side,neutral,10,472,0.001757118972077202,0.00048484506169950225,0.02429533389008004,0.002204534807025735,0.004241338460803932,0.001258206451835574,0.028270832353054692,0.004087559373542232,255.07477911523685,82.95773932621898,1693.404974729169,608.1125785642909,2286.05873835393,715.1755517467948,-316.33720496471693,20.329436883000643,2497.7049513015613,714.0543315004356
daily,no_detectable_drift,volume_level,high_volume,1,1,0.004224556335262002,,0.008605339652466286,,0.030175131583998205,,0.018569385571606895,,42.33492352515088,,41.98243975476412,,41.98243975476412,,0.0,,41.98243975476412,
daily,no_detectable_drift,volume_level,high_volume,2,1,0.004224556335262002,,0.008605339652466286,,0.007649949252148014,,0.01929193461155503,,84.84907162528981,,310.27524650883987,,310.27524650883987,,0.0,,310.27524650883987,
daily,no_detectable_drift,volume_level,high_volume,3,1,0.004224556335262002,,0.008605339652466286,,0.003942502283564704,,0.01873383313666354,,127.54320304628439,,139.90495147251147,,310.27524650883987,,0.0,,310.27524650883987,
daily,no_detectable_drift,volume_level,high_volume,4,1,0.004224556335262002,,0.008605339652466286,,0.004897994660552741,,0.01640266233586645,,170.41807974614701,,159.86466328793415,,310.27524650883987,,0.0,,310.27524650883987,
daily,no_detectable_drift,volume_level,high_volume,5,1,0.004224556335262002,,0.008605339652466286,,0.008101335734193872,,0.015300873943354023,,213.47446690863345,,275.33905791526036,,310.27524650883987,,0.0,,310.27524650883987,
daily,no_detectable_drift,volume_level,high_volume,6,1,0.004224556335262002,,0.008605339652466286,,0.006082470349764095,,0.014457023039862408,,256.7131329568993,,418.68335381105794,,418.68335381105794,,0.0,,418.68335381105794,
daily,no_detectable_drift,volume_level,high_volume,7,1,0.004224556335262002,,0.008605339652466286,,0.007457523056470247,,0.013892145401992007,,300.1348495672134,,482.03270888386163,,482.03270888386163,,0.0,,482.03270888386163,
daily,no_detectable_drift,volume_level,high_volume,8,1,0.004224556335262002,,0.008605339652466286,,0.007745161795287725,,0.013506010999957834,,343.7403916827304,,555.9145849971659,,555.9145849971659,,0.0,,555.9145849971659,
daily,no_detectable_drift,volume_level,high_volume,9,1,0.004224556335262002,,0.008605339652466286,,0.0070831944161402,,0.013354352374445879,,387.5305375273206,,634.0847370460345,,634.0847370460345,,0.0,,634.0847370460345,
daily,no_detectable_drift,volume_level,high_volume,10,1,0.004224556335262002,,0.008605339652466286,,0.006185975859868753,,0.01292331487127138,,431.5060686194595,,689.908566981563,,689.908566981563,,0.0,,689.908566981563,
daily,no_detectable_drift,volume_level,low_volume,1,474,0.0022269080591210896,0.0005899905150306368,0.026743333533617533,0.0027925879124283378,0.00702761177508788,0.006029114818683985,0.01686529333292864,0.004802379434704905,23.145042835874268,6.197679284900649,341.6342711741762,314.79743529682077,397.9134506344573,314.61192132069016,-56.27917946028092,4.676897937511458,454.19263009473815,314.4958561783796
daily,no_detectable_drift,volume_level,low_volume,2,474,0.0022269080591210896,0.0005899905150306368,0.026743333533617533,0.0027925879124283378,0.004336404508454594,0.0029823570062675743,0.019130773011889764,0.003842819004952107,48.1605060814604,13.045460949386632,643.1770573401487,425.55686102177754,771.04656816372,441.87184616159425,-103.47974586166256,8.740460398801243,863.322101613632,441.61978873726
daily,no_detectable_drift,volume_level,low_volume,3,474,0.0022269080591210896,0.0005899905150306368,0.026743333533617533,0.0027925879124283378,0.005518751190606211,0.0027701373999320625,0.022894863995907667,0.004549914166627761,75.24042231778733,20.63253648006889,625.758868472927,396.192681025973,830.5371018278774,441.75812749908346,-139.74304206708115,10.092051663565984,944.0394653155098,441.42898944781615
daily,no_detectable_drift,volume_level,low_volume,4,474,0.0022269080591210896,0.0005899905150306368,0.026743333533617533,0.0027925879124283378,0.004481520353857189,0.002058139334382453,0.023118217481183666,0.004021896320959668,104.6026612278903,29.058831268159512,931.3313149443727,484.71901500666866,1187.5747167201946,534.7146287932654,-172.80001554056778,11.940561364881997,1320.906850355669,534.2319159615865
daily,no_detectable_drift,volume_level,low_volume,5,474,0.0022269080591210896,0.0005899905150306368,0.026743333533617533,0.0027925879124283378,0.004163174276017689,0.001654754594441482,0.022889233921767584,0.0036361431715611105,136.49184814606363,38.436275104882085,926.9574197647555,470.6408697217187,1239.48536696898,534.606136778686,-201.29993027873755,14.017648906109642,1392.5843951134148,534.0555927344757
daily,no_detectable_drift,volume_level,low_volume,6,474,0.0022269080591210896,0.0005899905150306368,0.026743333533617533,0.0027925879124283378,0.004705022475102688,0.0016763410281440269,0.025133966711275414,0.00405869292182116,171.18264061437554,48.890232986606954,936.0344604510625,458.13002756435225,1290.8998191731987,534.5093386274318,-223.7137299114416,15.031918977027887,1456.4002700746678,533.8956696401546
daily,no_detectable_drift,volume_level,low_volume,7,474,0.0022269080591210896,0.0005899905150306368,0.026743333533617533,0.0027925879124283378,0.005004408473470955,0.0016433809985355158,0.02738053924327394,0.004338557918001093,208.983406865652,60.561116635146625,1218.1726859568323,526.9257374207959,1612.1941147158307,600.0967893371978,-246.93964894348585,16.357660160699822,1788.6863322644099,599.3368597437457
daily,no_detectable_drift,volume_level,low_volume,8,474,0.0022269080591210896,0.0005899905150306368,0.026743333533617533,0.0027925879124283378,0.005071209768045086,0.0015898728008092162,0.02901496426507955,0.004534477004608215,250.2403555413318,73.60619943692917,1498.8782082101861,586.6609501907375,1934.6801375951986,659.3640934322415,-272.07794150195923,17.820033663359343,2124.942312110183,658.4455958047238
daily,no_detectable_drift,volume_level,low_volume,9,474,0.0022269080591210896,0.0005899905150306368,0.026743333533617533,0.0027925879124283378,0.004533892323517607,0.0013950721355060936,0.028528109534644595,0.004283418746770322,295.3421720032214,88.20166008685155,1722.7634570478579,623.9382758645228,2243.239393119538,712.3264813377918,-297.555992087164,19.08065289344249,2443.5231797615306,711.2690994501006
daily,no_detectable_drift,volume_level,low_volume,10,474,0.0022269080591210896,0.0005899905150306368,0.026743333533617533,0.0027925879124283378,0.004209647089571148,0.001252947521445097,0.028269141927549906,0.0040701422368220955,344.72522339143586,104.54488313436067,1685.2662935336573,605.5638780900924,2277.0087558893492,712.1764717893741,-317.3196594359927,20.233327032597764,2488.0925170505443,711.063848050408
